Date,Airline,Flight,From,To,Dep Terminal,Dep Gate,Arr Terminal,Arr Gate,Canceled,Diverted To,Gate Departure (Scheduled),Gate Departure (Actual),Take off (Scheduled),Take off (Actual),Landing (Scheduled),Landing (Actual),Gate Arrival (Scheduled),Gate Arrival (Actual),Aircraft Type Name,Tail Number,PNR,Seat,Seat Type,Cabin Class,Flight Reason,Notes,Flight Flighty ID,Airline Flighty ID,Departure Airport Flighty ID,Arrival Airport Flighty ID,Diverted To Airport Flighty ID,Aircraft Type Flighty ID
2008-06-12,SWA,3055,ABQ,DEN,,A5,,C33,false,,2008-06-12T09:35,,,,,,2008-06-12T10:55,,Boeing 737-500,,,,,,,,8e3d1174-ccf9-485e-8df8-073b34a4dfe0,be4c4286-2c02-4dca-86d4-56e19aa348f7,7b925806-8601-400f-bd02-c38802c531b8,d00b5728-0678-4689-b660-fe9e583203dc,,0dbe6bac-b2f4-4397-a84d-b7fed6cbf6d8
2008-06-12,SWA,308,DEN,IND,,C43,,C8,false,,2008-06-12T11:20,,,,,,2008-06-12T15:50,,Boeing 737-700,,,,,,,,9b587c68-d75a-456c-84bb-d831d9fd789e,be4c4286-2c02-4dca-86d4-56e19aa348f7,d00b5728-0678-4689-b660-fe9e583203dc,8259a771-7653-4c8a-8572-55f962097695,,886c3a0c-c7a3-4205-982f-35cddc765ae1
2008-06-18,SWA,1167,MCI,ABQ,B,35,,A9,false,,2008-06-18T18:15,,,,,,2008-06-18T19:15,,Boeing 737-300,,,,,,,,9e7e9020-b448-4ff9-83a2-483ef20a9c30,be4c4286-2c02-4dca-86d4-56e19aa348f7,bd6062aa-a329-43e4-b684-82b0e7579c91,7b925806-8601-400f-bd02-c38802c531b8,,0da1b92a-3c44-446a-8b2d-7ce519400cef
2010-06-22,SWA,245,ABQ,HOU,Main,A4,,47,false,,2010-06-22T06:10,,,,,,2010-06-22T09:10,,Boeing 737-500,,,,,,,,c87c0df4-64e2-49ef-98a2-17a371bc353e,be4c4286-2c02-4dca-86d4-56e19aa348f7,7b925806-8601-400f-bd02-c38802c531b8,44f745ca-154b-4d48-ba97-c5d9ad5d3ff7,,0dbe6bac-b2f4-4397-a84d-b7fed6cbf6d8
2010-06-29,SWA,477,HOU,ABQ,,44,Main,A8,false,,2010-06-29T16:20,,,,,,2010-06-29T17:25,,Boeing 737-700,,,,,,,,66387b20-22b7-418c-8586-fbf65f964cb5,be4c4286-2c02-4dca-86d4-56e19aa348f7,44f745ca-154b-4d48-ba97-c5d9ad5d3ff7,7b925806-8601-400f-bd02-c38802c531b8,,886c3a0c-c7a3-4205-982f-35cddc765ae1
2011-06-04,SWA,673,ABQ,MCI,Main,A7,B,40,false,,2011-06-04T11:25,,,,,,2011-06-04T14:20,,Boeing 737-300,,,,,,,,57f490ec-2bc9-473d-b2cc-964c5d960123,be4c4286-2c02-4dca-86d4-56e19aa348f7,7b925806-8601-400f-bd02-c38802c531b8,bd6062aa-a329-43e4-b684-82b0e7579c91,,0da1b92a-3c44-446a-8b2d-7ce519400cef
2011-06-04,SWA,1354,MCI,TPA,B,43,,C33,false,,2011-06-04T14:45,,,,,,2011-06-04T18:25,,Boeing 737-500,,,,,,,,fc5caf14-861c-471a-8147-ca0aed48f1c2,be4c4286-2c02-4dca-86d4-56e19aa348f7,bd6062aa-a329-43e4-b684-82b0e7579c91,af50854a-e728-4e40-885b-d8b73b69f6e8,,0dbe6bac-b2f4-4397-a84d-b7fed6cbf6d8
2011-06-13,SWA,332,TPA,HOU,,C36,,23,false,,2011-06-13T17:50,,,,,,2011-06-13T19:05,,Boeing 737-700,,,,,,,,f01876f4-cfa1-4ab0-a899-d3f66a098984,be4c4286-2c02-4dca-86d4-56e19aa348f7,af50854a-e728-4e40-885b-d8b73b69f6e8,44f745ca-154b-4d48-ba97-c5d9ad5d3ff7,,886c3a0c-c7a3-4205-982f-35cddc765ae1
2013-07-30,SWA,540,ABQ,BWI,Main,A11,Main,B2,false,,2013-07-30T13:15,2013-07-30T13:19,,,,,2013-07-30T19:00,2013-07-30T18:47,,,,,,,,,f2c28c8b-6e95-4d6f-aad9-01c31e26508d,be4c4286-2c02-4dca-86d4-56e19aa348f7,7b925806-8601-400f-bd02-c38802c531b8,4923b37c-381e-48e6-ba91-7c75d4151f64,,
2013-07-30,SWA,225,BWI,GSP,Main,A7,,A3,false,,2013-07-30T20:50,2013-07-30T20:51,,,,,2013-07-30T22:15,,,,,,,,,,6f7feecd-6185-41f7-b74b-10156f29bed4,be4c4286-2c02-4dca-86d4-56e19aa348f7,4923b37c-381e-48e6-ba91-7c75d4151f64,fb3ebadd-f223-4770-916f-96af2217f02f,,
2013-08-04,SWA,1865,GSP,BWI,,A4,Main,A8,false,,2013-08-04T07:35,2013-08-04T07:37,,,,,2013-08-04T09:00,2013-08-04T09:13,,,,,,,,,e143e252-12d6-4df0-bb55-01a63606441b,be4c4286-2c02-4dca-86d4-56e19aa348f7,fb3ebadd-f223-4770-916f-96af2217f02f,4923b37c-381e-48e6-ba91-7c75d4151f64,,
2013-08-04,SWA,403,BWI,ABQ,Main,A9,Main,A11,false,,2013-08-04T10:10,2013-08-04T10:16,,,,,2013-08-04T12:15,2013-08-04T12:26,,,,,,,,,ef921a09-62bc-4cb8-a688-911e4048ef6e,be4c4286-2c02-4dca-86d4-56e19aa348f7,4923b37c-381e-48e6-ba91-7c75d4151f64,7b925806-8601-400f-bd02-c38802c531b8,,
2013-11-08,SWA,101,DEN,ABQ,Main,C46,Main,A11,false,,2013-11-08T20:40,2013-11-08T21:29,,,,,2013-11-08T21:55,2013-11-08T22:37,,,,,,,,,fd347824-54e9-466a-8fa8-002da70c8fce,be4c4286-2c02-4dca-86d4-56e19aa348f7,d00b5728-0678-4689-b660-fe9e583203dc,7b925806-8601-400f-bd02-c38802c531b8,,
2013-11-11,SWA,444,ABQ,LAS,Main,A8,1,C24,false,,2013-11-11T18:00,2013-11-11T17:59,,,,,2013-11-11T18:35,2013-11-11T18:29,,,,,,,,,9c8dafa9-4d69-4828-ad5a-50c54594624f,be4c4286-2c02-4dca-86d4-56e19aa348f7,7b925806-8601-400f-bd02-c38802c531b8,13ec7b81-ab66-4c6c-b632-92f18740c05b,,
2013-11-11,SWA,188,LAS,ONT,1,C22,4,402,false,,2013-11-11T20:35,2013-11-11T20:42,,,,,2013-11-11T21:40,2013-11-11T21:30,,,,,,,,,fc0e70cc-10ba-4d34-9f58-2c13840f28f4,be4c4286-2c02-4dca-86d4-56e19aa348f7,13ec7b81-ab66-4c6c-b632-92f18740c05b,1b5d7c9a-77af-4260-a35d-4fcbd852266e,,
2013-11-27,SWA,740,ONT,SMF,4,404,B,16,false,,2013-11-27T16:00,2013-11-27T16:27,,,,,2013-11-27T17:15,2013-11-27T17:33,,,,,,,,,69fa39f0-5ef6-40f7-9adf-d7d8130ac0d4,be4c4286-2c02-4dca-86d4-56e19aa348f7,1b5d7c9a-77af-4260-a35d-4fcbd852266e,8d225b5f-dd0b-4d8f-ab0a-8aff0c6a0eaf,,
2013-11-30,SWA,1193,SMF,ONT,B,17,4,405,false,,2013-11-30T17:40,2013-11-30T17:49,,,,,2013-11-30T18:55,2013-11-30T18:59,,,,,,,,,c976dc62-a84d-41fa-8982-3871ae8c5ff3,be4c4286-2c02-4dca-86d4-56e19aa348f7,8d225b5f-dd0b-4d8f-ab0a-8aff0c6a0eaf,1b5d7c9a-77af-4260-a35d-4fcbd852266e,,
2013-12-09,SWA,843,ONT,PHX,4,404,4,C17,false,,2013-12-09T10:25,2013-12-09T11:27,,,,,2013-12-09T12:30,2013-12-09T13:39,,,AX5KV4,,,,,,3abb9c09-fe64-423a-bb9e-918c26c8dcff,be4c4286-2c02-4dca-86d4-56e19aa348f7,1b5d7c9a-77af-4260-a35d-4fcbd852266e,a2f06eec-440b-48dd-9096-f9051e8a07ef,,
2013-12-09,SWA,178,PHX,ABQ,4,D3,Main,A5,false,,2013-12-09T14:05,2013-12-09T14:59,,,,,2013-12-09T15:05,2013-12-09T15:59,,,AX5KV4,,,,,,a8e09101-a5cd-48d8-b9b2-2f70d9a106d8,be4c4286-2c02-4dca-86d4-56e19aa348f7,a2f06eec-440b-48dd-9096-f9051e8a07ef,7b925806-8601-400f-bd02-c38802c531b8,,
2014-01-05,SWA,3509,ABQ,LAS,Main,,Main,,false,,2014-01-05T09:15,2014-01-05T09:31,,,,,2014-01-05T09:50,2014-01-05T09:54,Boeing 737-700,,ZKNZJJ,,,,,,390ec19e-8f72-414f-af1b-b1bb970a4239,be4c4286-2c02-4dca-86d4-56e19aa348f7,7b925806-8601-400f-bd02-c38802c531b8,13ec7b81-ab66-4c6c-b632-92f18740c05b,,886c3a0c-c7a3-4205-982f-35cddc765ae1
2014-01-05,SWA,664,LAS,ONT,,,,,false,,2014-01-05T10:20,2014-01-05T10:31,,,,,2014-01-05T11:15,2014-01-05T11:16,Boeing 737-700,,ZKNZJJ,,,,,,83669f37-841a-4c0a-8d26-cef8ab1f6aaa,be4c4286-2c02-4dca-86d4-56e19aa348f7,13ec7b81-ab66-4c6c-b632-92f18740c05b,1b5d7c9a-77af-4260-a35d-4fcbd852266e,,ec6b2abe-069a-4181-b632-6e9d3086a9d3
2014-03-17,SWA,307,ABQ,PHX,,,,,false,,2014-03-17T10:15,2014-03-17T10:17,,,,,2014-03-17T10:40,2014-03-17T10:42,Boeing 737-700,,,,,,,,e82ce758-44e2-4bbc-9c1d-1222be46af75,be4c4286-2c02-4dca-86d4-56e19aa348f7,7b925806-8601-400f-bd02-c38802c531b8,a2f06eec-440b-48dd-9096-f9051e8a07ef,,ec6b2abe-069a-4181-b632-6e9d3086a9d3
2014-03-20,SWA,2882,PHX,ABQ,,,,,false,,2014-03-20T17:40,2014-03-20T17:47,,,,,2014-03-20T19:45,2014-03-20T19:44,Boeing 737-700,,,,,,,,3dd88ee0-d2bd-4e94-ae51-eb98a16622b0,be4c4286-2c02-4dca-86d4-56e19aa348f7,a2f06eec-440b-48dd-9096-f9051e8a07ef,7b925806-8601-400f-bd02-c38802c531b8,,ec6b2abe-069a-4181-b632-6e9d3086a9d3
2014-03-20,SWA,1976,PHX,ABQ,,,,,false,,2014-03-20T20:45,2014-03-20T22:14,,,,,2014-03-20T22:50,2014-03-21T00:09,Boeing 737-700,,,,,,,,63b227a8-928a-4631-9264-0dfdf27cc09b,be4c4286-2c02-4dca-86d4-56e19aa348f7,a2f06eec-440b-48dd-9096-f9051e8a07ef,7b925806-8601-400f-bd02-c38802c531b8,,ec6b2abe-069a-4181-b632-6e9d3086a9d3
2015-04-10,SWA,798,ABQ,DAL,,,,,false,,2015-04-10T09:20,2015-04-10T09:15,,,,,2015-04-10T11:55,2015-04-10T11:50,Boeing 737-700,,,,,,,,12d5402d-adde-4176-a69e-8f22e0ef9d9f,be4c4286-2c02-4dca-86d4-56e19aa348f7,7b925806-8601-400f-bd02-c38802c531b8,3cbb70b8-eb30-493b-98df-313a5f330fa8,,ec6b2abe-069a-4181-b632-6e9d3086a9d3
2015-04-10,SWA,1126,DAL,IND,,W10,Main,B17,false,,2015-04-10T13:15,2015-04-10T13:14,,,,,2015-04-10T16:15,2015-04-10T15:59,Boeing 737-700,,,,,,,,4692cdca-abe1-4da9-9a4f-957e6c441834,be4c4286-2c02-4dca-86d4-56e19aa348f7,3cbb70b8-eb30-493b-98df-313a5f330fa8,8259a771-7653-4c8a-8572-55f962097695,,886c3a0c-c7a3-4205-982f-35cddc765ae1
2015-04-12,SWA,460,IND,DEN,,,,,false,,2015-04-12T06:45,2015-04-12T06:42,,,,,2015-04-12T07:35,2015-04-12T07:14,Boeing 737-700,,,,,,,,a543ed30-bf84-4c13-aa34-5a3d5809c554,be4c4286-2c02-4dca-86d4-56e19aa348f7,8259a771-7653-4c8a-8572-55f962097695,d00b5728-0678-4689-b660-fe9e583203dc,,ec6b2abe-069a-4181-b632-6e9d3086a9d3
2015-04-12,SWA,1168,DEN,ABQ,,,,,false,,2015-04-12T09:40,2015-04-12T09:38,,,,,2015-04-12T10:55,2015-04-12T10:50,Boeing 737-300,,,,,,,,d8a769ee-cee5-42a2-a3e3-3dd3c0677486,be4c4286-2c02-4dca-86d4-56e19aa348f7,d00b5728-0678-4689-b660-fe9e583203dc,7b925806-8601-400f-bd02-c38802c531b8,,0da1b92a-3c44-446a-8b2d-7ce519400cef
2015-04-17,SWA,380,ABQ,PHX,,,,,false,,2015-04-17T20:15,2015-04-17T20:15,,,,,2015-04-17T20:30,2015-04-17T20:21,Boeing 737-700,,,,,,,,2be41855-c43e-4997-8057-f01f75c9e92d,be4c4286-2c02-4dca-86d4-56e19aa348f7,7b925806-8601-400f-bd02-c38802c531b8,a2f06eec-440b-48dd-9096-f9051e8a07ef,,ec6b2abe-069a-4181-b632-6e9d3086a9d3
2015-04-17,SWA,853,PHX,LAX,,,,,false,,2015-04-17T21:15,2015-04-17T21:15,,,,,2015-04-17T22:35,2015-04-17T22:28,Boeing 737-700,,,,,,,,d6782a99-16da-4c54-96c2-75d67641c5ac,be4c4286-2c02-4dca-86d4-56e19aa348f7,a2f06eec-440b-48dd-9096-f9051e8a07ef,25b8d712-9888-423f-868d-b25f1d184aaf,,ec6b2abe-069a-4181-b632-6e9d3086a9d3
2015-04-19,SWA,734,LAX,ABQ,,,,,false,,2015-04-19T22:00,2015-04-19T23:42,,,,,2015-04-20T00:45,2015-04-20T02:22,Boeing 737-700,,,,,,,,526418e2-8189-4549-b244-6d946d32e330,be4c4286-2c02-4dca-86d4-56e19aa348f7,25b8d712-9888-423f-868d-b25f1d184aaf,7b925806-8601-400f-bd02-c38802c531b8,,ec6b2abe-069a-4181-b632-6e9d3086a9d3
2015-06-06,SWA,2524,ABQ,DAL,,,,,false,,2015-06-06T06:35,2015-06-06T06:28,,,,,2015-06-06T09:15,2015-06-06T08:59,Boeing 737-700,,,,,,,,0dc94787-ca4e-45e3-9007-e598f2504601,be4c4286-2c02-4dca-86d4-56e19aa348f7,7b925806-8601-400f-bd02-c38802c531b8,3cbb70b8-eb30-493b-98df-313a5f330fa8,,ec6b2abe-069a-4181-b632-6e9d3086a9d3
2015-06-06,SWA,1731,DAL,FLL,,,,,false,,2015-06-06T10:40,2015-06-06T10:38,,,,,2015-06-06T14:20,2015-06-06T14:17,Boeing 737-800,,,,,,,,9ef82356-788b-46bb-beab-347aca8dffcd,be4c4286-2c02-4dca-86d4-56e19aa348f7,3cbb70b8-eb30-493b-98df-313a5f330fa8,5420aa1f-50fb-46f2-b2e8-b7e99ff9f4fb,,4f7a0cdc-f82f-4544-9e7b-f49a80b8463a
2015-09-13,SWA,559,ABQ,PHX,,,,,false,,2015-09-13T19:35,2015-09-13T19:31,,,,,2015-09-13T19:50,2015-09-13T19:40,Boeing 737-700,,,,,,,,78969531-fdb2-4e8e-841d-7a67adefd8de,be4c4286-2c02-4dca-86d4-56e19aa348f7,7b925806-8601-400f-bd02-c38802c531b8,a2f06eec-440b-48dd-9096-f9051e8a07ef,,ec6b2abe-069a-4181-b632-6e9d3086a9d3
2015-09-14,SWA,323,PHX,ABQ,,,,,false,,2015-09-14T20:40,2015-09-14T21:17,,,,,2015-09-14T22:45,2015-09-14T23:22,Boeing 737-700,,,,,,,,63844af4-1402-4e32-aa59-06ca2b86b4f3,be4c4286-2c02-4dca-86d4-56e19aa348f7,a2f06eec-440b-48dd-9096-f9051e8a07ef,7b925806-8601-400f-bd02-c38802c531b8,,ec6b2abe-069a-4181-b632-6e9d3086a9d3
2016-05-27,SWA,1371,PHX,ABQ,,,,,false,,2016-05-27T20:10,2016-05-27T20:32,,,,,2016-05-27T22:15,2016-05-27T22:31,Boeing 737-800,,,,,,,,9e51de3a-fee9-46cf-9703-b09cc74b9749,be4c4286-2c02-4dca-86d4-56e19aa348f7,a2f06eec-440b-48dd-9096-f9051e8a07ef,7b925806-8601-400f-bd02-c38802c531b8,,4f7a0cdc-f82f-4544-9e7b-f49a80b8463a
2016-06-02,SWA,338,ABQ,PHX,,,,,false,,2016-06-02T05:45,2016-06-02T05:44,,,,,2016-06-02T06:00,2016-06-02T05:48,Boeing 737-700,,9TGK7V,,,,,,83076fda-dc78-4b50-b240-38b57a049703,be4c4286-2c02-4dca-86d4-56e19aa348f7,7b925806-8601-400f-bd02-c38802c531b8,a2f06eec-440b-48dd-9096-f9051e8a07ef,,ec6b2abe-069a-4181-b632-6e9d3086a9d3
2016-06-04,SWA,212,PHX,ABQ,,,,,false,,2016-06-04T08:00,2016-06-04T07:55,,,,,2016-06-04T10:10,2016-06-04T09:55,Boeing 737-700,,9TGK7V,,,,,,d76dc932-4bac-4a10-a552-b377d3292cda,be4c4286-2c02-4dca-86d4-56e19aa348f7,a2f06eec-440b-48dd-9096-f9051e8a07ef,7b925806-8601-400f-bd02-c38802c531b8,,ec6b2abe-069a-4181-b632-6e9d3086a9d3
2016-06-14,SWA,2114,ABQ,PHX,,,,,false,,2016-06-14T14:50,2016-06-14T15:01,,,,,2016-06-14T15:00,2016-06-14T15:14,Boeing 737-700,,,,,,,,b9c51b30-da6e-43a1-b892-0991edef4e23,be4c4286-2c02-4dca-86d4-56e19aa348f7,7b925806-8601-400f-bd02-c38802c531b8,a2f06eec-440b-48dd-9096-f9051e8a07ef,,ec6b2abe-069a-4181-b632-6e9d3086a9d3
2016-06-17,SWA,647,PHX,ABQ,,,,,false,,2016-06-17T20:50,2016-06-17T20:45,,,,,2016-06-17T22:55,2016-06-17T22:43,Boeing 737-300,,,,,,,,65ffb559-91ad-4352-9978-4fca8e13fc73,be4c4286-2c02-4dca-86d4-56e19aa348f7,a2f06eec-440b-48dd-9096-f9051e8a07ef,7b925806-8601-400f-bd02-c38802c531b8,,0da1b92a-3c44-446a-8b2d-7ce519400cef
2016-08-13,SWA,3512,ABQ,PHX,,,,,false,,2016-08-13T18:45,2016-08-13T18:43,,,,,2016-08-13T18:55,2016-08-13T18:51,Boeing 737-800,,,,,,,,94eed1a8-ce68-4ee6-9d30-0298faf6241f,be4c4286-2c02-4dca-86d4-56e19aa348f7,7b925806-8601-400f-bd02-c38802c531b8,a2f06eec-440b-48dd-9096-f9051e8a07ef,,4f7a0cdc-f82f-4544-9e7b-f49a80b8463a
2016-08-18,SWA,1236,PHX,ABQ,,,,,false,,2016-08-18T20:00,2016-08-18T20:06,,,,,2016-08-18T22:05,2016-08-18T22:09,Boeing 737-700,,,,,,,,40dcccdf-738b-4fc7-84fd-91d7f24dd9f8,be4c4286-2c02-4dca-86d4-56e19aa348f7,a2f06eec-440b-48dd-9096-f9051e8a07ef,7b925806-8601-400f-bd02-c38802c531b8,,ec6b2abe-069a-4181-b632-6e9d3086a9d3
2017-04-30,JBU,65,JFK,ABQ,,,,,false,,2017-04-30T19:55,2017-04-30T20:47,,,,,2017-04-30T23:08,2017-04-30T23:09,Airbus A320,,,,,,,,55af8856-1b92-4f4d-9ce6-fb4e0c2a9c83,765155ec-70b3-4183-9cd3-10d1f5127405,fc332185-4dde-4791-b449-0de5e83e47b9,7b925806-8601-400f-bd02-c38802c531b8,,5abf9f45-a4ac-48dc-bd62-b6b0a6f31bb8
2017-05-01,JBU,65,JFK,ABQ,,,,,false,,2017-05-01T19:55,2017-05-01T23:04,,,,,2017-05-01T23:08,2017-05-02T01:58,Airbus A320,,,,,,,,2b525d64-3fca-4e90-9f6f-bd50350e39db,765155ec-70b3-4183-9cd3-10d1f5127405,fc332185-4dde-4791-b449-0de5e83e47b9,7b925806-8601-400f-bd02-c38802c531b8,,dd390a1f-e92a-4411-ab72-04db16d42030
2017-08-04,SWA,1855,ABQ,PHX,Main,,,,false,,2017-08-04T19:40,2017-08-04T20:11,,,,,2017-08-04T19:50,2017-08-04T20:18,Boeing 737-700,,,,,,,,06c06d8c-d53f-4570-9bc2-5629760d7e2a,be4c4286-2c02-4dca-86d4-56e19aa348f7,7b925806-8601-400f-bd02-c38802c531b8,a2f06eec-440b-48dd-9096-f9051e8a07ef,,886c3a0c-c7a3-4205-982f-35cddc765ae1
2017-08-04,SWA,499,PHX,SMF,,,,,false,,2017-08-04T21:10,2017-08-04T22:47,,,,,2017-08-04T23:00,2017-08-05T00:27,Boeing 737-800,,,,,,,,30e303d1-acf6-4560-8a94-52d17c4690d4,be4c4286-2c02-4dca-86d4-56e19aa348f7,a2f06eec-440b-48dd-9096-f9051e8a07ef,8d225b5f-dd0b-4d8f-ab0a-8aff0c6a0eaf,,8ad8530e-acd0-42bf-abc5-1e70c4a076bf
2017-08-07,SWA,4078,SMF,LAS,B,16,1,C7,false,,2017-08-07T17:15,2017-08-07T17:15,,,,,2017-08-07T18:35,2017-08-07T18:28,Boeing 737-700,,,,,,,,acde1224-edb9-4bff-85f0-ef95cc0131c8,be4c4286-2c02-4dca-86d4-56e19aa348f7,8d225b5f-dd0b-4d8f-ab0a-8aff0c6a0eaf,13ec7b81-ab66-4c6c-b632-92f18740c05b,,886c3a0c-c7a3-4205-982f-35cddc765ae1
2017-08-07,SWA,3293,LAS,ABQ,Main,,Main,,false,,2017-08-07T20:20,2017-08-07T20:52,,,,,2017-08-07T22:45,2017-08-07T23:15,Boeing 737-700,,,,,,,,5bcb381f-4877-48c8-8951-d8f73edfb51a,be4c4286-2c02-4dca-86d4-56e19aa348f7,13ec7b81-ab66-4c6c-b632-92f18740c05b,7b925806-8601-400f-bd02-c38802c531b8,,886c3a0c-c7a3-4205-982f-35cddc765ae1
2017-11-08,SWA,121,ABQ,MDW,Main,,Main,,false,,2017-11-08T07:20,2017-11-08T07:19,,,,,2017-11-08T11:05,2017-11-08T10:50,Boeing 737-700,,,,,,,,13c61753-75af-46aa-a643-aeae425be4d2,be4c4286-2c02-4dca-86d4-56e19aa348f7,7b925806-8601-400f-bd02-c38802c531b8,b1bccd34-3f11-416a-998f-65cc527ca2a0,,886c3a0c-c7a3-4205-982f-35cddc765ae1
2017-11-13,DAL,1676,BNA,ATL,Main,B5,S,T4,false,,2017-11-13T14:55,2017-11-13T14:51,,,,,2017-11-13T17:09,2017-11-13T16:47,McDonnell Douglas MD-88,,,,,,,,4764fab8-7770-484a-8e23-942f5cee6bfa,a8765091-d043-44b1-936c-d217bb519e56,812e405f-26e2-44fb-83fc-db16918270b2,6f0c1d11-cfef-4b33-b462-90379270f593,,766937e1-adaf-43ca-b3d1-e81bd5e37a90
2017-11-13,DAL,338,ATL,ABQ,,,Main,,false,,2017-11-13T20:41,2017-11-13T20:38,,,,,2017-11-13T22:10,2017-11-13T21:50,Boeing 737-900ER,,,,,,,,55507bd4-977e-4db6-8a90-7f41c56b7d5f,a8765091-d043-44b1-936c-d217bb519e56,6f0c1d11-cfef-4b33-b462-90379270f593,7b925806-8601-400f-bd02-c38802c531b8,,24012541-435d-4a27-af8a-4791336f1965
2018-05-01,SWA,183,ABQ,DEN,Main,,Main,,false,,2018-05-01T06:20,2018-05-01T06:18,,,,,2018-05-01T07:35,2018-05-01T07:29,Boeing 737-700,,JWV4ZB,,,,,,bd9f9188-9863-44ec-9872-2ac67b5bde47,be4c4286-2c02-4dca-86d4-56e19aa348f7,7b925806-8601-400f-bd02-c38802c531b8,d00b5728-0678-4689-b660-fe9e583203dc,,886c3a0c-c7a3-4205-982f-35cddc765ae1
2018-05-01,NRS,7172,DEN,LGW,Main,,S,,false,,2018-05-01T14:35,,,,,,2018-05-02T06:30,,Boeing 787-9,,JTPZBU,,,,,,77065245-6b1f-407c-8f67-a854320a795b,9a596d4b-e1d8-4537-bcc8-78a5af8a9b2f,d00b5728-0678-4689-b660-fe9e583203dc,f0a9abc1-65e8-4666-9c4f-e7c1849cae93,,c4910e5e-2c05-4d17-bc08-fa0c8c0b77d9
2018-05-13,EZY,2931,MXP,SPU,2,E27,,,false,,2018-05-13T06:45,2018-05-13T06:53,,,,,2018-05-13T08:05,2018-05-13T08:02,Airbus A319,,ETVKTPP,,,,,,e192a9f4-0e0a-4880-bbc0-b0ddd5c77c20,c39d5ea4-a02f-45f5-bbbb-d3ef73b04aff,4e2e7d0a-9203-4b17-a233-bf1913e06603,47e4aedb-8db1-47a1-9d76-4a3543af98af,,fb8254ff-1d83-4fe1-a147-882c217dfcbe
2018-05-16,EZY,2932,SPU,MXP,,,2,,false,,2018-05-16T08:40,2018-05-16T08:30,,,,,2018-05-16T10:00,2018-05-16T09:46,Airbus A319,,ETVKTPP,,,,,,f7a81413-e570-4a34-a06a-8dc30c77c85a,c39d5ea4-a02f-45f5-bbbb-d3ef73b04aff,47e4aedb-8db1-47a1-9d76-4a3543af98af,4e2e7d0a-9203-4b17-a233-bf1913e06603,,fb8254ff-1d83-4fe1-a147-882c217dfcbe
2018-05-16,VLG,8437,MXP,AMS,1,A3,1,,false,,2018-05-16T20:00,2018-05-16T19:56,,,,,2018-05-16T21:55,2018-05-16T21:54,Airbus A320,,Q9VYNC,,,,,,3f4a92b2-4267-4f3c-a106-93abf1e1c609,85a84b64-63bd-4340-8659-19241f38a3ee,4e2e7d0a-9203-4b17-a233-bf1913e06603,f671c076-61b7-4572-8abb-359aaadaafd4,,dd390a1f-e92a-4411-ab72-04db16d42030
2018-05-19,RYR,3105,AMS,DUB,3,H5,1,,false,,2018-05-19T18:35,2018-05-19T18:35,,,,,2018-05-19T19:15,2018-05-19T19:14,Boeing 737-800,,M3NUHK,,,,,,157e1497-26af-441c-8eb5-aa124aa06828,89ad0292-b411-46f2-a3ad-27896d1be60b,f671c076-61b7-4572-8abb-359aaadaafd4,5dc01a9f-6855-4248-8e7b-0fef83144078,,8ad8530e-acd0-42bf-abc5-1e70c4a076bf
2018-05-22,BEE,6258,DUB,SEN,1,,,,false,,2018-05-22T20:25,2018-05-22T20:27,,,,,2018-05-22T21:45,,Embraer 195,,,,,,,,f5ba44bc-3cf2-4c57-b266-604404ac1b2f,12ca9d27-c098-41cc-9588-f9463e88f952,5dc01a9f-6855-4248-8e7b-0fef83144078,989c1b08-e599-4b9f-8960-f38b11fc2bfc,,0393e11b-8499-4378-a330-abf1fdecfc18
2018-05-24,NRS,7171,LGW,DEN,S,17,Main,,false,,2018-05-24T09:50,,,,,,2018-05-24T12:35,,Boeing 787-9,,JTPZBU,,,,,,4d267a28-4bbf-4be5-af9b-dc4c76dd478f,9a596d4b-e1d8-4537-bcc8-78a5af8a9b2f,f0a9abc1-65e8-4666-9c4f-e7c1849cae93,d00b5728-0678-4689-b660-fe9e583203dc,,c4910e5e-2c05-4d17-bc08-fa0c8c0b77d9
2018-05-24,SWA,1781,DEN,ABQ,Main,,Main,,false,,2018-05-24T22:30,2018-05-24T22:34,,,,,2018-05-24T23:45,2018-05-24T23:37,Boeing 737-700,,,,,,,,6243495d-6ebf-411d-ad89-c64fbc6b59d5,be4c4286-2c02-4dca-86d4-56e19aa348f7,d00b5728-0678-4689-b660-fe9e583203dc,7b925806-8601-400f-bd02-c38802c531b8,,886c3a0c-c7a3-4205-982f-35cddc765ae1
2018-05-29,SWA,1813,ABQ,OAK,Main,,,,false,,2018-05-29T15:25,2018-05-29T15:33,,,,,2018-05-29T16:50,2018-05-29T16:58,Boeing 737-700,,,,,,,,4cf953ab-5b4c-47ec-980b-cf4ecbbd1af1,be4c4286-2c02-4dca-86d4-56e19aa348f7,7b925806-8601-400f-bd02-c38802c531b8,cc736959-9e15-4380-8126-3a4867bb1bc7,,886c3a0c-c7a3-4205-982f-35cddc765ae1
2018-05-31,SWA,5471,OAK,ABQ,,,Main,,false,,2018-05-31T14:15,2018-05-31T14:10,,,,,2018-05-31T17:30,2018-05-31T17:14,Boeing 737-700,,,,,,,,6459d83c-f89f-4313-97eb-a7c0c26e2483,be4c4286-2c02-4dca-86d4-56e19aa348f7,cc736959-9e15-4380-8126-3a4867bb1bc7,7b925806-8601-400f-bd02-c38802c531b8,,886c3a0c-c7a3-4205-982f-35cddc765ae1
2018-06-01,SWA,1813,ABQ,OAK,Main,,,,false,,2018-06-01T15:25,2018-06-01T15:23,,,,,2018-06-01T16:50,2018-06-01T16:34,Boeing 737-700,,,,,,,,70067309-6cf9-43dd-a93f-0a748f7a294e,be4c4286-2c02-4dca-86d4-56e19aa348f7,7b925806-8601-400f-bd02-c38802c531b8,cc736959-9e15-4380-8126-3a4867bb1bc7,,886c3a0c-c7a3-4205-982f-35cddc765ae1
2018-06-03,SWA,3273,OAK,PHX,,,,,false,,2018-06-03T17:00,2018-06-03T16:57,,,,,2018-06-03T18:55,2018-06-03T18:45,Boeing 737-700,,,,,,,,51ddc1df-609f-4d01-9b75-91fffe136cc2,be4c4286-2c02-4dca-86d4-56e19aa348f7,cc736959-9e15-4380-8126-3a4867bb1bc7,a2f06eec-440b-48dd-9096-f9051e8a07ef,,886c3a0c-c7a3-4205-982f-35cddc765ae1
2018-06-03,SWA,2964,PHX,ABQ,,,Main,,false,,2018-06-03T21:05,2018-06-03T21:09,,,,,2018-06-03T23:10,2018-06-03T23:08,Boeing 737-800,,,,,,,,c5063033-4857-4209-a1ba-a18b45955851,be4c4286-2c02-4dca-86d4-56e19aa348f7,a2f06eec-440b-48dd-9096-f9051e8a07ef,7b925806-8601-400f-bd02-c38802c531b8,,8ad8530e-acd0-42bf-abc5-1e70c4a076bf
2018-08-24,SWA,2096,DEN,PHX,Main,,,,false,,2018-08-24T22:00,2018-08-24T22:01,,,,,2018-08-24T22:45,2018-08-24T22:41,Boeing 737-800,,,,,,,,27777328-b32b-4bbc-8764-2334b6dae165,be4c4286-2c02-4dca-86d4-56e19aa348f7,d00b5728-0678-4689-b660-fe9e583203dc,a2f06eec-440b-48dd-9096-f9051e8a07ef,,8ad8530e-acd0-42bf-abc5-1e70c4a076bf
2018-08-26,SWA,6634,PHX,DEN,,,Main,,false,,2018-08-26T17:10,2018-08-26T17:27,,,,,2018-08-26T19:50,2018-08-26T20:04,Boeing 737-700,,,,,,,,4efddee5-2b5a-4497-94bc-1e532455ce64,be4c4286-2c02-4dca-86d4-56e19aa348f7,a2f06eec-440b-48dd-9096-f9051e8a07ef,d00b5728-0678-4689-b660-fe9e583203dc,,886c3a0c-c7a3-4205-982f-35cddc765ae1
2018-12-13,SWA,1389,ABQ,PHX,Main,,,,false,,2018-12-13T09:50,2018-12-13T09:50,,,,,2018-12-13T11:05,2018-12-13T10:55,Boeing 737-700,,,,,,,,71da9c83-cb1d-42df-829a-dd3f130d0ddc,be4c4286-2c02-4dca-86d4-56e19aa348f7,7b925806-8601-400f-bd02-c38802c531b8,a2f06eec-440b-48dd-9096-f9051e8a07ef,,886c3a0c-c7a3-4205-982f-35cddc765ae1
2018-12-13,SWA,240,PHX,SMF,,,,,false,,2018-12-13T12:30,2018-12-13T12:30,,,,,2018-12-13T13:30,2018-12-13T13:21,Boeing 737-700,,,,,,,,0f568c6d-f688-45fc-a7b6-4c2ab94bc953,be4c4286-2c02-4dca-86d4-56e19aa348f7,a2f06eec-440b-48dd-9096-f9051e8a07ef,8d225b5f-dd0b-4d8f-ab0a-8aff0c6a0eaf,,886c3a0c-c7a3-4205-982f-35cddc765ae1
2018-12-13,SWA,1191,DEN,SMF,Main,,,,false,,2018-12-13T13:00,2018-12-13T13:00,,,,,2018-12-13T14:40,2018-12-13T14:25,Boeing 737-800,,,,,,,,040a55c4-e83b-45ad-bf00-8bed179553eb,be4c4286-2c02-4dca-86d4-56e19aa348f7,d00b5728-0678-4689-b660-fe9e583203dc,8d225b5f-dd0b-4d8f-ab0a-8aff0c6a0eaf,,8ad8530e-acd0-42bf-abc5-1e70c4a076bf
2018-12-16,SWA,3085,SMF,DEN,,,Main,,false,,2018-12-16T15:35,2018-12-16T15:36,,,,,2018-12-16T18:50,2018-12-16T18:49,Boeing 737-700,,,,,,,,66d60a4b-cdc0-4f0d-9d68-d54ceb556794,be4c4286-2c02-4dca-86d4-56e19aa348f7,8d225b5f-dd0b-4d8f-ab0a-8aff0c6a0eaf,d00b5728-0678-4689-b660-fe9e583203dc,,886c3a0c-c7a3-4205-982f-35cddc765ae1
2018-12-16,SWA,2502,SMF,PHX,,,,,false,,2018-12-16T16:15,2018-12-16T16:18,,,,,2018-12-16T19:00,2018-12-16T19:04,Boeing 737-700,,,,,,,,08781b64-406a-4703-aca6-494a5682d847,be4c4286-2c02-4dca-86d4-56e19aa348f7,8d225b5f-dd0b-4d8f-ab0a-8aff0c6a0eaf,a2f06eec-440b-48dd-9096-f9051e8a07ef,,886c3a0c-c7a3-4205-982f-35cddc765ae1
2018-12-16,SWA,3102,PHX,ABQ,,,Main,,false,,2018-12-16T20:35,2018-12-16T20:44,,,,,2018-12-16T21:40,2018-12-16T21:44,Boeing 737-700,,,,,,,,2283ee08-82c0-4730-8f10-6a0cd396bc13,be4c4286-2c02-4dca-86d4-56e19aa348f7,a2f06eec-440b-48dd-9096-f9051e8a07ef,7b925806-8601-400f-bd02-c38802c531b8,,886c3a0c-c7a3-4205-982f-35cddc765ae1
2018-12-25,SWA,2653,ABQ,DEN,Main,,Main,,false,,2018-12-25T17:35,2018-12-25T17:30,,,,,2018-12-25T18:50,2018-12-25T18:37,Boeing 737-700,,,,,,,,84cd68b7-e1fa-47f9-afb3-5a4f4066975d,be4c4286-2c02-4dca-86d4-56e19aa348f7,7b925806-8601-400f-bd02-c38802c531b8,d00b5728-0678-4689-b660-fe9e583203dc,,886c3a0c-c7a3-4205-982f-35cddc765ae1
2019-01-18,SWA,1478,DEN,ABQ,Main,,Main,,false,,2019-01-18T21:40,2019-01-18T21:39,,,,,2019-01-18T23:00,2019-01-18T22:39,Boeing 737-700,,,,,,,,bf36f2cf-511d-44e6-bebd-b3585a217d01,be4c4286-2c02-4dca-86d4-56e19aa348f7,d00b5728-0678-4689-b660-fe9e583203dc,7b925806-8601-400f-bd02-c38802c531b8,,886c3a0c-c7a3-4205-982f-35cddc765ae1
2019-01-21,SWA,1304,ABQ,DEN,Main,,Main,,false,,2019-01-21T16:55,2019-01-21T17:11,,,,,2019-01-21T18:20,2019-01-21T18:22,Boeing 737-700,,,,,,,,a58bd32e-7580-456a-b904-b2851b8d09c4,be4c4286-2c02-4dca-86d4-56e19aa348f7,7b925806-8601-400f-bd02-c38802c531b8,d00b5728-0678-4689-b660-fe9e583203dc,,886c3a0c-c7a3-4205-982f-35cddc765ae1
2019-05-18,SWA,5287,DEN,ABQ,Main,,Main,,false,,2019-05-18T20:15,2019-05-18T20:41,,,,,2019-05-18T21:35,2019-05-18T21:44,Boeing 737-700,,,,,,,,837cd776-be2d-4f1e-8b01-d5f3e9e6f80d,be4c4286-2c02-4dca-86d4-56e19aa348f7,d00b5728-0678-4689-b660-fe9e583203dc,7b925806-8601-400f-bd02-c38802c531b8,,886c3a0c-c7a3-4205-982f-35cddc765ae1
2019-05-20,SWA,2026,ABQ,DEN,Main,,Main,,false,,2019-05-20T20:40,2019-05-20T20:35,,,,,2019-05-20T22:05,2019-05-20T22:11,Boeing 737-700,,,,,,,,275f4a1d-7429-4d18-8f93-e026bf524e01,be4c4286-2c02-4dca-86d4-56e19aa348f7,7b925806-8601-400f-bd02-c38802c531b8,d00b5728-0678-4689-b660-fe9e583203dc,,886c3a0c-c7a3-4205-982f-35cddc765ae1
2019-05-29,SWA,4171,PHX,OAK,,,,,false,,2019-05-29T12:05,2019-05-29T12:13,,,,,2019-05-29T14:05,2019-05-29T14:02,Boeing 737-800,,,,,,,,a041f64a-e42b-49c1-9c1f-916eee1d35e3,be4c4286-2c02-4dca-86d4-56e19aa348f7,a2f06eec-440b-48dd-9096-f9051e8a07ef,cc736959-9e15-4380-8126-3a4867bb1bc7,,8ad8530e-acd0-42bf-abc5-1e70c4a076bf
2019-05-29,SWA,1685,OAK,PDX,,,Main,,false,,2019-05-29T15:30,2019-05-29T15:28,,,,,2019-05-29T17:10,2019-05-29T17:01,Boeing 737-700,,,,,,,,d5e34e0d-62ab-4653-9b3d-e5173bb58134,be4c4286-2c02-4dca-86d4-56e19aa348f7,cc736959-9e15-4380-8126-3a4867bb1bc7,01053f82-f010-43c1-ae11-53aa31e7b187,,886c3a0c-c7a3-4205-982f-35cddc765ae1
2019-06-01,SWA,4979,PDX,PHX,Main,,,,false,,2019-06-01T13:35,2019-06-01T13:39,,,,,2019-06-01T16:10,2019-06-01T16:16,Boeing 737-700,,,,,,,,2f69fd3e-1737-4109-866a-c88490a3afff,be4c4286-2c02-4dca-86d4-56e19aa348f7,01053f82-f010-43c1-ae11-53aa31e7b187,a2f06eec-440b-48dd-9096-f9051e8a07ef,,886c3a0c-c7a3-4205-982f-35cddc765ae1
2019-07-06,SWA,4661,DEN,ATL,Main,,,,false,,2019-07-06T07:00,2019-07-06T06:56,,,,,2019-07-06T11:55,2019-07-06T11:43,Boeing 737-700,,,,,,,,7c9bd22b-5327-46d2-9b48-929eb99ebc11,be4c4286-2c02-4dca-86d4-56e19aa348f7,d00b5728-0678-4689-b660-fe9e583203dc,6f0c1d11-cfef-4b33-b462-90379270f593,,886c3a0c-c7a3-4205-982f-35cddc765ae1
2019-07-10,SWA,5945,ATL,DEN,,,Main,,false,,2019-07-10T20:45,2019-07-10T20:43,,,,,2019-07-10T22:00,2019-07-10T22:02,Boeing 737-700,,,,,,,,ba301064-ff47-4354-8abb-6622052f2a29,be4c4286-2c02-4dca-86d4-56e19aa348f7,6f0c1d11-cfef-4b33-b462-90379270f593,d00b5728-0678-4689-b660-fe9e583203dc,,886c3a0c-c7a3-4205-982f-35cddc765ae1
2019-10-11,SWA,2172,DEN,LAS,Main,,Main,,false,,2019-10-11T19:55,2019-10-11T20:39,,,,,2019-10-11T20:50,2019-10-11T21:26,Boeing 737-700,,,,,,,,3767c456-6e06-4c8f-9d05-d44bc4f73221,be4c4286-2c02-4dca-86d4-56e19aa348f7,d00b5728-0678-4689-b660-fe9e583203dc,13ec7b81-ab66-4c6c-b632-92f18740c05b,,886c3a0c-c7a3-4205-982f-35cddc765ae1
2019-10-13,SWA,4869,LAS,DEN,Main,,Main,,false,,2019-10-13T21:20,2019-10-13T21:23,,,,,2019-10-14T00:10,2019-10-13T23:58,Boeing 737-700,,,,,,,,b3415811-946e-4b76-b6b4-47ae050498a7,be4c4286-2c02-4dca-86d4-56e19aa348f7,13ec7b81-ab66-4c6c-b632-92f18740c05b,d00b5728-0678-4689-b660-fe9e583203dc,,886c3a0c-c7a3-4205-982f-35cddc765ae1
2019-11-28,FFT,2823,COS,PHX,Main,,,,false,,2019-11-28T10:10,2019-11-28T10:00,,,,,2019-11-28T12:11,2019-11-28T12:10,Airbus A320neo,,,,,,,,9fa8cca0-28b5-4e3d-a66d-3f57caacbcdf,382ef70a-2039-46de-bdbd-5b8aa0aeb0f7,0bf6b834-0337-40d5-ad55-f28c665d227b,a2f06eec-440b-48dd-9096-f9051e8a07ef,,fc3bd268-833c-40f4-a74c-9512dabcbe08
2019-12-01,FFT,2824,PHX,COS,,,Main,,false,,2019-12-01T18:27,2019-12-01T18:50,,,,,2019-12-01T20:13,2019-12-01T20:27,Airbus A320,,,,,,,,c2e8e999-9d0c-4211-8ffa-2a153879153a,382ef70a-2039-46de-bdbd-5b8aa0aeb0f7,a2f06eec-440b-48dd-9096-f9051e8a07ef,0bf6b834-0337-40d5-ad55-f28c665d227b,,dd390a1f-e92a-4411-ab72-04db16d42030
2019-12-14,SWA,6465,DEN,SMF,Main,,,,false,,2019-12-14T09:40,2019-12-14T09:35,,,,,2019-12-14T11:15,2019-12-14T11:24,Boeing 737-700,,,,,,,,22f93ef4-b4ab-4923-9c07-b538df0e4c6f,be4c4286-2c02-4dca-86d4-56e19aa348f7,d00b5728-0678-4689-b660-fe9e583203dc,8d225b5f-dd0b-4d8f-ab0a-8aff0c6a0eaf,,886c3a0c-c7a3-4205-982f-35cddc765ae1
2019-12-15,SWA,5667,SMF,DEN,,,Main,,false,,2019-12-15T12:40,2019-12-15T12:40,,,,,2019-12-15T16:00,2019-12-15T15:43,Boeing 737-700,,,,,,,,8df56444-057c-45d7-a70c-e301385a30d3,be4c4286-2c02-4dca-86d4-56e19aa348f7,8d225b5f-dd0b-4d8f-ab0a-8aff0c6a0eaf,d00b5728-0678-4689-b660-fe9e583203dc,,886c3a0c-c7a3-4205-982f-35cddc765ae1
2020-04-05,DAL,1093,SLC,DEN,2,C8,Main,A27,false,,2020-04-05T17:10,2020-04-05T17:04,,,,,2020-04-05T18:34,2020-04-05T18:24,Boeing 737-800,,,,,,,,2ed1d050-800b-429f-afa8-7db99134ef7f,a8765091-d043-44b1-936c-d217bb519e56,a9fd3eb2-255a-4372-9c86-ff4f7ee1d2c1,d00b5728-0678-4689-b660-fe9e583203dc,,8ad8530e-acd0-42bf-abc5-1e70c4a076bf
2021-10-12,SWA,1444,SLC,LAS,,B17,1,C14,false,,2021-10-12T07:15,2021-10-12T07:30,,,,,2021-10-12T07:47,2021-10-12T07:48,Boeing 737-800,,,,,,,,609017e2-7fda-40d5-9457-8fdfcdf76256,be4c4286-2c02-4dca-86d4-56e19aa348f7,a9fd3eb2-255a-4372-9c86-ff4f7ee1d2c1,13ec7b81-ab66-4c6c-b632-92f18740c05b,,8ad8530e-acd0-42bf-abc5-1e70c4a076bf
2021-10-12,SWA,1187,LAS,ABQ,1,C7,Main,A10,false,,2021-10-12T08:25,2021-10-12T09:13,,,,,2021-10-12T11:27,2021-10-12T11:42,Boeing 737-800,,,,,,,,9b45880a-2157-43a0-a51d-d3afaec22e4e,be4c4286-2c02-4dca-86d4-56e19aa348f7,13ec7b81-ab66-4c6c-b632-92f18740c05b,7b925806-8601-400f-bd02-c38802c531b8,,8ad8530e-acd0-42bf-abc5-1e70c4a076bf
2021-10-27,SWA,774,PHX,SEA,4,C1,Main,B8,false,,2021-10-27T16:00,2021-10-27T15:55,,,,,2021-10-27T19:17,2021-10-27T18:59,Boeing 737-700,,,,,,,,f2cfe678-8718-4bcf-b18d-d5ae2b544bfd,be4c4286-2c02-4dca-86d4-56e19aa348f7,a2f06eec-440b-48dd-9096-f9051e8a07ef,b3f217fd-4bc7-4806-9efe-abe9446a74df,,886c3a0c-c7a3-4205-982f-35cddc765ae1
2022-06-09,SWA,127,ABQ,OAK,Main,A10,1,4,false,,2022-06-09T06:25,2022-06-09T06:23,,,,,,2022-06-09T07:47,Boeing 737 MAX 8,,,,,,,,c34e801d-84d3-493f-a691-424511bb02be,be4c4286-2c02-4dca-86d4-56e19aa348f7,7b925806-8601-400f-bd02-c38802c531b8,cc736959-9e15-4380-8126-3a4867bb1bc7,,5ee1c1db-bf8c-475a-99b0-262bbc7a50b2
2022-06-13,SWA,291,OAK,ABQ,2,31,Main,A11,false,,2022-06-13T19:10,2022-06-13T19:09,,,,,2022-06-13T22:25,2022-06-13T22:11,Boeing 737-800,,,,,,,,df63ade3-405a-4084-a203-0c8a1bb2262d,be4c4286-2c02-4dca-86d4-56e19aa348f7,cc736959-9e15-4380-8126-3a4867bb1bc7,7b925806-8601-400f-bd02-c38802c531b8,,8ad8530e-acd0-42bf-abc5-1e70c4a076bf
2022-11-23,DLH,2229,CDG,MUC,2B,,2,G34,false,,2022-11-23T11:20,2022-11-23T11:14,,,,,2022-11-23T12:45,2022-11-23T12:40,Airbus A320,,,,,,,,b9d033d7-5ce8-4f29-9ee4-3089973e783b,f5251aea-6a53-45b9-b762-9f6580de440e,065a1318-77b6-4f77-98ce-95b9253f64a5,fed9a584-f1e1-4a40-af94-ffbeda5c5f0e,,dd390a1f-e92a-4411-ab72-04db16d42030
2022-11-23,DAL,220,SLC,CDG,,B2,2E,TBA,false,,2022-11-23T13:55,2022-11-23T13:58,,,,,2022-11-24T07:55,2022-11-24T08:01,Airbus A330-900neo,,,,,,,,1e7dbe06-a195-4d77-a115-b69510dbb8a1,a8765091-d043-44b1-936c-d217bb519e56,a9fd3eb2-255a-4372-9c86-ff4f7ee1d2c1,065a1318-77b6-4f77-98ce-95b9253f64a5,,5b8cd90f-0c27-41d1-a4de-e80184085fd2
2022-11-23,DAL,891,PHX,SLC,3,F10,,A17,false,,2022-11-23T14:26,2022-11-23T14:20,,,,,2022-11-23T16:01,2022-11-23T16:00,Boeing 737-900ER,,,,,,,,fd711dc5-14aa-4d49-abba-c1a133b779f1,a8765091-d043-44b1-936c-d217bb519e56,a2f06eec-440b-48dd-9096-f9051e8a07ef,a9fd3eb2-255a-4372-9c86-ff4f7ee1d2c1,,24012541-435d-4a27-af8a-4791336f1965
2022-11-28,DLH,2460,MUC,HEL,2,K21,,,false,,2022-11-28T08:20,2022-11-28T08:23,,,,,2022-11-28T11:50,2022-11-28T11:59,Airbus A321neo,,,,,,,,7cac3714-0708-461a-b0ad-e7905bb69c18,f5251aea-6a53-45b9-b762-9f6580de440e,fed9a584-f1e1-4a40-af94-ffbeda5c5f0e,561f2662-7b0f-4f72-b5bc-916f7b082f49,,2e99cd6b-cec7-4ec7-a85e-dbc2b5e25a8f
2022-12-01,FIN,536,RVN,HEL,,,,,false,,2022-12-01T18:25,2022-12-01T18:53,,,,,2022-12-01T19:40,2022-12-01T20:07,Airbus A321,,,,,,,,2d250159-1539-4f5b-8c69-83bfef8224e4,49e2db86-f4de-401f-b0e4-a3e80841af4c,69380d1c-952c-4db7-b3f6-bb77d85838a7,561f2662-7b0f-4f72-b5bc-916f7b082f49,,5904cdc2-eccf-41fe-8345-e82a51d3269c
2022-12-01,FIN,1581,HEL,CDG,,,,,false,,2022-12-01T20:30,2022-12-01T20:44:25,,,,,2022-12-01T22:35,,Embraer 190,,,,,,,,ca6125df-1084-4c3e-8cfd-6bca1584e92e,49e2db86-f4de-401f-b0e4-a3e80841af4c,561f2662-7b0f-4f72-b5bc-916f7b082f49,065a1318-77b6-4f77-98ce-95b9253f64a5,,fb807099-ea21-44f1-afb3-388faab25ae3
2022-12-03,DAL,221,CDG,SLC,2E,M24,,A19,false,,2022-12-03T10:30,2022-12-03T12:27,,,,,2022-12-03T13:30,2022-12-03T15:06,Airbus A330-900neo,,,,,,,,53162778-1b86-4629-973a-384db5ead971,a8765091-d043-44b1-936c-d217bb519e56,065a1318-77b6-4f77-98ce-95b9253f64a5,a9fd3eb2-255a-4372-9c86-ff4f7ee1d2c1,,5b8cd90f-0c27-41d1-a4de-e80184085fd2
2023-06-01,AAL,1673,PHX,DTW,4,A20,N,D31,false,,2023-06-01T09:55,2023-06-01T10:05,,,,,2023-06-01T16:48,2023-06-01T16:58,Airbus A321neo,,,,,,,,30875d50-d0bc-480b-ac45-2f522846d057,ae1fc6a5-c42d-4e70-ba63-d641d248d270,a2f06eec-440b-48dd-9096-f9051e8a07ef,8eee2bc8-dcbf-4b7b-a221-e38cce7c823a,,2e99cd6b-cec7-4ec7-a85e-dbc2b5e25a8f
2023-06-10,UAL,212,ABQ,DEN,Main,A1,Main,B19,false,,2023-06-10T07:00,2023-06-10T06:58,,,,,2023-06-10T08:25,2023-06-10T08:10,Boeing 737 MAX 9,,,,,,,,6bcec097-fed7-434a-a72b-1ae19e07727a,b57b4c86-4724-48f1-80be-d7de4036004a,7b925806-8601-400f-bd02-c38802c531b8,d00b5728-0678-4689-b660-fe9e583203dc,,8240381a-dce7-4694-a1d8-4769a0c6507a
2023-09-28,SWA,19,ABQ,SAN,Main,A11,1,10,false,,2023-09-28T15:05,2023-09-28T15:04,,,,,2023-09-28T15:55,2023-09-28T15:48,Boeing 737-700,,,,,,,,b773e355-6906-48e2-8c2e-f7260d6955b9,be4c4286-2c02-4dca-86d4-56e19aa348f7,7b925806-8601-400f-bd02-c38802c531b8,dbeb2230-9c7b-428a-b122-a07186f48a86,,886c3a0c-c7a3-4205-982f-35cddc765ae1
2023-09-28,SWA,1644,SAN,LAS,1,13,1,C19,false,,2023-09-28T17:20,2023-09-28T17:15,,,,,2023-09-28T18:35,2023-09-28T19:02,Boeing 737-700,,,,,,,,bf58beb0-c4de-4136-92a4-d7f321c43bab,be4c4286-2c02-4dca-86d4-56e19aa348f7,dbeb2230-9c7b-428a-b122-a07186f48a86,13ec7b81-ab66-4c6c-b632-92f18740c05b,,886c3a0c-c7a3-4205-982f-35cddc765ae1
2023-10-01,SWA,1603,LAS,ABQ,1,C1,Main,A9,false,,2023-10-01T21:15,2023-10-01T21:31,,,,,2023-10-01T23:40,2023-10-02T00:15,Boeing 737-800,,,,,,,,ee038f5c-906f-4d11-aba9-22609dbbbd04,be4c4286-2c02-4dca-86d4-56e19aa348f7,13ec7b81-ab66-4c6c-b632-92f18740c05b,7b925806-8601-400f-bd02-c38802c531b8,,8ad8530e-acd0-42bf-abc5-1e70c4a076bf
2024-04-01,DAL,1354,ABQ,ATL,Main,B10,S,B1,false,,2024-04-01T13:16,2024-04-01T13:39,,,,,2024-04-01T18:14,2024-04-01T18:19,Boeing 737-900ER,,GCK4NC,21C,,,,,8d1874e1-0650-42cd-90ae-6d66e0ad7d18,a8765091-d043-44b1-936c-d217bb519e56,7b925806-8601-400f-bd02-c38802c531b8,6f0c1d11-cfef-4b33-b462-90379270f593,,24012541-435d-4a27-af8a-4791336f1965
2024-04-01,DAL,1502,ATL,DTW,S,F9,EM,A36,false,,2024-04-01T20:59,2024-04-01T21:21,,,,,2024-04-01T22:55,2024-04-01T23:19,Boeing 737-900ER,,GCK4NC,21F,,,,,db451ee2-7c27-4302-a724-22073ef89bb8,a8765091-d043-44b1-936c-d217bb519e56,6f0c1d11-cfef-4b33-b462-90379270f593,8eee2bc8-dcbf-4b7b-a221-e38cce7c823a,,24012541-435d-4a27-af8a-4791336f1965
2024-04-05,DAL,2053,DTW,ATL,M,A34,S,T2,false,,2024-04-05T18:00,2024-04-05T18:44,,,,,2024-04-05T20:02,2024-04-05T20:35,Airbus A350-900,,GCK4NC,31D,,,,,698f0426-a6a9-4bdf-ae31-fd952b938f95,a8765091-d043-44b1-936c-d217bb519e56,8eee2bc8-dcbf-4b7b-a221-e38cce7c823a,6f0c1d11-cfef-4b33-b462-90379270f593,,0f7e0145-14a5-4c47-aa84-f03b1ff28cd0
2024-04-05,DAL,1531,ATL,ABQ,S,B9,Main,B10,false,,2024-04-05T21:13,2024-04-05T21:27,,,,,2024-04-05T22:44,2024-04-05T23:02,Boeing 737-900ER,,GCK4NC,21A,,,,,ee84c6de-8632-43f6-9af5-66f7373c652d,a8765091-d043-44b1-936c-d217bb519e56,6f0c1d11-cfef-4b33-b462-90379270f593,7b925806-8601-400f-bd02-c38802c531b8,,24012541-435d-4a27-af8a-4791336f1965
2024-04-07,DAL,2053,DTW,ATL,EM,A30,S,T2,false,,2024-04-07T18:00,2024-04-07T17:59,,,,,2024-04-07T20:02,2024-04-07T20:04,Airbus A350-900,,,,,,,,b1e4fcae-dd92-468e-aa65-9325ae8e8e96,a8765091-d043-44b1-936c-d217bb519e56,8eee2bc8-dcbf-4b7b-a221-e38cce7c823a,6f0c1d11-cfef-4b33-b462-90379270f593,,0f7e0145-14a5-4c47-aa84-f03b1ff28cd0
2024-04-07,DAL,1531,ATL,ABQ,S,A27,Main,B10,false,,2024-04-07T21:13,2024-04-07T21:09,,,,,2024-04-07T22:44,2024-04-07T22:43,Boeing 737-900ER,,,,,,,,79c270ab-3156-43eb-9d02-9a0a440ff78b,a8765091-d043-44b1-936c-d217bb519e56,6f0c1d11-cfef-4b33-b462-90379270f593,7b925806-8601-400f-bd02-c38802c531b8,,24012541-435d-4a27-af8a-4791336f1965
2024-04-22,UAL,2014,ABQ,DEN,Main,A1,Main,B39,false,,2024-04-22T07:00,2024-04-22T06:57,,,,,2024-04-22T08:24,2024-04-22T08:15,Boeing 737 MAX 9,,L9BK7Z,25C,,,,,4c8d028a-45f8-4e38-b365-d5a579e3cd99,b57b4c86-4724-48f1-80be-d7de4036004a,7b925806-8601-400f-bd02-c38802c531b8,d00b5728-0678-4689-b660-fe9e583203dc,,8240381a-dce7-4694-a1d8-4769a0c6507a
2024-04-22,UAL,1889,DEN,DTW,Main,B18,N,D4,false,,2024-04-22T10:10,2024-04-22T10:04,,,,,2024-04-22T15:01,2024-04-22T14:45,Airbus A320,,L9BK7Z,34D,,,,,90bf7baf-303e-41e3-bb68-b31e7ba3b4f8,b57b4c86-4724-48f1-80be-d7de4036004a,d00b5728-0678-4689-b660-fe9e583203dc,8eee2bc8-dcbf-4b7b-a221-e38cce7c823a,,dd390a1f-e92a-4411-ab72-04db16d42030
2024-04-26,UAL,6251,DTW,IAH,N,D6,C,C39,false,,2024-04-26T11:06,2024-04-26T11:00,,,,,2024-04-26T13:26,2024-04-26T13:05,Embraer 175,,L9BK7Z,17B,,,,,b0c6dc57-58b2-46e8-a964-f7417a84d060,b57b4c86-4724-48f1-80be-d7de4036004a,8eee2bc8-dcbf-4b7b-a221-e38cce7c823a,9a82d843-2e36-4dba-8a6c-ea86d70b316b,,36728d5b-40cd-46ec-93ba-8822376b565d
2024-04-26,UAL,6056,IAH,ABQ,B,B6,Main,A2,false,,2024-04-26T14:40,2024-04-26T14:43,,,,,2024-04-26T16:11,2024-04-26T16:21,Embraer 175,,L9BK7Z,15B,,,,,e02d2a1a-4a9f-4e1b-8f18-d795f7571366,b57b4c86-4724-48f1-80be-d7de4036004a,9a82d843-2e36-4dba-8a6c-ea86d70b316b,7b925806-8601-400f-bd02-c38802c531b8,,36728d5b-40cd-46ec-93ba-8822376b565d
2024-05-10,AAL,1688,ABQ,DFW,Main,B3,B,B12,true,,2024-05-10T05:00,,,,,,2024-05-10T07:50,,Airbus A321,,MMZHBF,23D,,,,,b70b7bd4-3fa8-4d89-ba36-ca2f53315c96,ae1fc6a5-c42d-4e70-ba63-d641d248d270,7b925806-8601-400f-bd02-c38802c531b8,1573100e-e4a3-47b0-9399-01b36074e1f5,,5904cdc2-eccf-41fe-8345-e82a51d3269c
2024-05-10,AAL,1358,ABQ,PHX,Main,B3,4,A8,false,,2024-05-10T19:00,2024-05-10T18:50,,,,,2024-05-10T19:20,2024-05-10T19:16,Airbus A319,,,,,,,,9594cde9-333c-4c0a-8290-1224195c2cdd,ae1fc6a5-c42d-4e70-ba63-d641d248d270,7b925806-8601-400f-bd02-c38802c531b8,a2f06eec-440b-48dd-9096-f9051e8a07ef,,fb8254ff-1d83-4fe1-a147-882c217dfcbe
2024-05-10,AAL,1984,PHX,PHL,4,A3,C,C29,false,,2024-05-10T22:55,2024-05-10T23:01,,,,,2024-05-11T06:25,2024-05-11T06:08,Airbus A321neo,,,,,,,,1bda3fdc-1778-4e1f-b6f7-7135202c73b8,ae1fc6a5-c42d-4e70-ba63-d641d248d270,a2f06eec-440b-48dd-9096-f9051e8a07ef,a0d1ae30-2637-4b7c-87bd-91e31dc37468,,2e99cd6b-cec7-4ec7-a85e-dbc2b5e25a8f
2024-05-11,AAL,742,PHL,BCN,A,A25,T1,245,false,,2024-05-11T19:05,2024-05-11T18:59,,,,,2024-05-12T09:00,2024-05-12T09:05,Boeing 787-8,,,,,,,,872350d2-8868-418a-8348-e5ed0511ade1,ae1fc6a5-c42d-4e70-ba63-d641d248d270,a0d1ae30-2637-4b7c-87bd-91e31dc37468,72d63683-9cc9-40da-9394-b2557edacb91,,4f948d40-962a-4fdf-b1d9-424282d24f76
2024-05-17,AAL,193,BCN,DFW,1,E74,D,D29,false,,2024-05-17T13:55,2024-05-17T14:06,,,,,2024-05-17T17:45,2024-05-17T18:20,Boeing 787-9,,MMZHBF,33J,,,,,d18a6e48-6ec2-4090-b020-f49a05488c8f,ae1fc6a5-c42d-4e70-ba63-d641d248d270,72d63683-9cc9-40da-9394-b2557edacb91,1573100e-e4a3-47b0-9399-01b36074e1f5,,c4910e5e-2c05-4d17-bc08-fa0c8c0b77d9
2024-05-17,AAL,2859,DFW,ABQ,D,D2,Main,B1,false,,2024-05-17T21:03,2024-05-17T21:39,,,,,2024-05-17T21:53,2024-05-17T22:32,Airbus A321,,MMZHBF,19D,,,,,2f78cbfd-4847-4ffd-8e7f-7d1b2ef9bde0,ae1fc6a5-c42d-4e70-ba63-d641d248d270,1573100e-e4a3-47b0-9399-01b36074e1f5,7b925806-8601-400f-bd02-c38802c531b8,,5904cdc2-eccf-41fe-8345-e82a51d3269c
2024-07-21,AAL,1328,ABQ,ORD,Main,B1,3,K3,false,,2024-07-21T13:10,2024-07-21T13:19,,,,,2024-07-21T17:10,2024-07-21T17:09,Boeing 737-800,,,,,,,,9d2aa0c7-eec5-4ed3-9427-e8a14647fac8,ae1fc6a5-c42d-4e70-ba63-d641d248d270,7b925806-8601-400f-bd02-c38802c531b8,a5eff314-18e7-4c87-bd38-0131882f1b8d,,8ad8530e-acd0-42bf-abc5-1e70c4a076bf
2024-07-21,AAL,3458,ORD,DTW,3,L24,E,D28,false,,2024-07-21T20:17,2024-07-21T20:21,,,,,2024-07-21T22:40,2024-07-21T22:56,Embraer 175,,,,,,,,4cdea8e3-951d-434b-a7b4-07b2918fde9b,ae1fc6a5-c42d-4e70-ba63-d641d248d270,a5eff314-18e7-4c87-bd38-0131882f1b8d,8eee2bc8-dcbf-4b7b-a221-e38cce7c823a,,36728d5b-40cd-46ec-93ba-8822376b565d
2024-07-26,AAL,1323,DTW,DFW,E,D30,D,D22,false,,2024-07-26T15:00,2024-07-26T14:51,,,,,2024-07-26T16:47,2024-07-26T16:26,Boeing 737-800,,,,,,,,20a23f0a-37fd-439b-b314-6e0e571d6c8a,ae1fc6a5-c42d-4e70-ba63-d641d248d270,8eee2bc8-dcbf-4b7b-a221-e38cce7c823a,1573100e-e4a3-47b0-9399-01b36074e1f5,,8ad8530e-acd0-42bf-abc5-1e70c4a076bf
2024-07-26,AAL,1056,DFW,ABQ,B,B17,Main,B1,false,,2024-07-26T19:57,2024-07-26T20:18,,,,,2024-07-26T20:41,2024-07-26T21:32,Boeing 737-800,,,,,,,,f02e9964-4a4b-4765-9122-bb4b5047f119,ae1fc6a5-c42d-4e70-ba63-d641d248d270,1573100e-e4a3-47b0-9399-01b36074e1f5,7b925806-8601-400f-bd02-c38802c531b8,,8ad8530e-acd0-42bf-abc5-1e70c4a076bf
2024-09-05,UAL,462,ABQ,IAH,Main,A3,C,C5,false,,2024-09-05T08:09,2024-09-05T07:59,,,,,2024-09-05T11:15,2024-09-05T10:58,Boeing 737 MAX 8,,,,,,,,a8ca579a-bdfd-44c9-91cb-ddbaaec10966,b57b4c86-4724-48f1-80be-d7de4036004a,7b925806-8601-400f-bd02-c38802c531b8,9a82d843-2e36-4dba-8a6c-ea86d70b316b,,5ee1c1db-bf8c-475a-99b0-262bbc7a50b2
2024-09-05,UAL,1733,IAH,EWR,,,,,false,,2024-09-05T14:34,,,,,,2024-09-05T19:10,,,,GF05PG,,,,,,d8908c1c-2dde-48d4-bc7d-88338b2d67c2,b57b4c86-4724-48f1-80be-d7de4036004a,9a82d843-2e36-4dba-8a6c-ea86d70b316b,4427d229-a1e2-4955-81fa-9b5c0f103f12,,
2024-09-05,UAL,138,EWR,KEF,C,C83,,D,false,,2024-09-05T21:25,2024-09-05T21:36,,,,,2024-09-06T07:00,2024-09-06T06:55,Boeing 757-200,,,,,,,,cbdaa10a-cb4d-422c-8855-d983b35fdb53,b57b4c86-4724-48f1-80be-d7de4036004a,4427d229-a1e2-4955-81fa-9b5c0f103f12,f9ddda80-ba0f-442d-a00c-851d63bcbb3c,,2c3a4012-9fb9-44fc-9a71-0b6cb336042e
2024-09-13,UAL,913,KEF,ORD,,D31,5,M34,false,,2024-09-13T12:00,2024-09-13T11:42,,,,,2024-09-13T13:55,2024-09-13T13:26,Boeing 757-200,,,,,,,,79d9f1a6-5f7d-47fa-b2c2-d40990ed8b98,b57b4c86-4724-48f1-80be-d7de4036004a,f9ddda80-ba0f-442d-a00c-851d63bcbb3c,a5eff314-18e7-4c87-bd38-0131882f1b8d,,2c3a4012-9fb9-44fc-9a71-0b6cb336042e
2024-09-14,UAL,567,ORD,ABQ,,,Main,,false,,2024-09-14T09:15,,,,,,2024-09-14T11:26,,,,GF05PG,,,,,,0357d180-186f-4e58-8699-0587f876ec15,b57b4c86-4724-48f1-80be-d7de4036004a,a5eff314-18e7-4c87-bd38-0131882f1b8d,7b925806-8601-400f-bd02-c38802c531b8,,
2024-11-17,UAL,1576,ABQ,ORD,Main,A3,1,C2,false,,2024-11-17T12:50,2024-11-17T12:54,,,,,2024-11-17T16:42,2024-11-17T16:31,Airbus A319,,DGJQP5,28D,,,,,2a984ed0-0df3-4f29-8061-4bb65a92c40a,b57b4c86-4724-48f1-80be-d7de4036004a,7b925806-8601-400f-bd02-c38802c531b8,a5eff314-18e7-4c87-bd38-0131882f1b8d,,fb8254ff-1d83-4fe1-a147-882c217dfcbe
2024-11-17,UAL,5593,ORD,DTW,2,F28,E,D2,false,,2024-11-17T17:50,2024-11-17T18:08,,,,,2024-11-17T20:18,2024-11-17T20:27,Embraer 175,,DGJQP5,22C,,,,,de32d31b-a169-494a-83bb-e0487e568fa8,b57b4c86-4724-48f1-80be-d7de4036004a,a5eff314-18e7-4c87-bd38-0131882f1b8d,8eee2bc8-dcbf-4b7b-a221-e38cce7c823a,,36728d5b-40cd-46ec-93ba-8822376b565d
2024-11-22,UAL,1957,DTW,IAH,E,D4,C,C1,false,,2024-11-22T08:23,2024-11-22T08:13,,,,,2024-11-22T10:37,2024-11-22T09:56,Boeing 737-700,,DGJQP5,,,,,,ce43ae01-bb64-4b1a-9bf6-0515a0887f35,b57b4c86-4724-48f1-80be-d7de4036004a,8eee2bc8-dcbf-4b7b-a221-e38cce7c823a,9a82d843-2e36-4dba-8a6c-ea86d70b316b,,886c3a0c-c7a3-4205-982f-35cddc765ae1
2024-11-22,UAL,6060,IAH,ABQ,C,C33,Main,A2,false,,2024-11-22T11:55,2024-11-22T11:50,,,,,2024-11-22T13:24,2024-11-22T13:11,Embraer 175,,DGJQP5,19D,,,,,699085e4-4b80-4ecf-92c8-cd243a925c89,b57b4c86-4724-48f1-80be-d7de4036004a,9a82d843-2e36-4dba-8a6c-ea86d70b316b,7b925806-8601-400f-bd02-c38802c531b8,,36728d5b-40cd-46ec-93ba-8822376b565d
2024-11-25,SWA,4681,ABQ,PHX,Main,A9,4,C2,false,,2024-11-25T20:00,2024-11-25T19:55,,,,,2024-11-25T21:20,2024-11-25T21:14,Boeing 737-700,,,,,,,,d62e265f-312d-4e92-b978-1b64032e1f4c,be4c4286-2c02-4dca-86d4-56e19aa348f7,7b925806-8601-400f-bd02-c38802c531b8,a2f06eec-440b-48dd-9096-f9051e8a07ef,,886c3a0c-c7a3-4205-982f-35cddc765ae1
2024-11-27,UAL,2303,PHX,IAD,3,E10,Main,18,false,,2024-11-27T09:35,2024-11-27T09:45,,,,,2024-11-27T15:48,2024-11-27T15:44,Boeing 737-900ER,,,,,,,,54bbc1c8-fefc-4667-9c71-e8e0cac9116f,b57b4c86-4724-48f1-80be-d7de4036004a,a2f06eec-440b-48dd-9096-f9051e8a07ef,519696f5-bda6-457c-ae4c-dd1cb07e20de,,24012541-435d-4a27-af8a-4791336f1965
2024-11-27,UAL,358,DFW,IAD,E,E5,Main,C23,false,,2024-11-27T12:05,2024-11-27T12:01,,,,,2024-11-27T15:53,2024-11-27T15:41,Airbus A320,,,,,,,,2de6988e-607a-46fe-8417-3ecb7927d607,b57b4c86-4724-48f1-80be-d7de4036004a,1573100e-e4a3-47b0-9399-01b36074e1f5,519696f5-bda6-457c-ae4c-dd1cb07e20de,,dd390a1f-e92a-4411-ab72-04db16d42030
2024-11-27,UAL,950,IAD,BRU,Main,C2,Main,B29,false,,2024-11-27T17:50,2024-11-27T17:56,,,,,2024-11-28T07:15,2024-11-28T07:16,Boeing 777-300 ER,,,,,,,,bbe9b525-3f40-4f41-98e1-825769488130,b57b4c86-4724-48f1-80be-d7de4036004a,519696f5-bda6-457c-ae4c-dd1cb07e20de,cedbcaaa-96c5-48e3-88f1-6f27c2fb09df,,78eac566-1ad0-4ded-9979-9510dfde05f2
2024-12-04,UAL,973,BRU,ORD,Main,B40,5,M18,false,,2024-12-04T10:10,2024-12-04T10:18,,,,,2024-12-04T12:15,2024-12-04T12:30,Boeing 787-10,,,,,,,,5f27d2ba-14a2-4103-a924-77bf5dbd34a3,b57b4c86-4724-48f1-80be-d7de4036004a,cedbcaaa-96c5-48e3-88f1-6f27c2fb09df,a5eff314-18e7-4c87-bd38-0131882f1b8d,,7ee6dd4c-86a8-412a-8fd3-9dc79c771bc9
2024-12-04,UAL,793,ORD,DFW,1,C2,E,E8,false,,2024-12-04T15:55,2024-12-04T16:10,,,,,2024-12-04T18:39,2024-12-04T18:41,Boeing 737-700,,,,,,,,ec6989c2-1987-44d2-a8a0-883084675adc,b57b4c86-4724-48f1-80be-d7de4036004a,a5eff314-18e7-4c87-bd38-0131882f1b8d,1573100e-e4a3-47b0-9399-01b36074e1f5,,886c3a0c-c7a3-4205-982f-35cddc765ae1
2024-12-04,UAL,511,ORD,PHX,1,B4,3,E5,false,,2024-12-04T16:00,2024-12-04T16:02,,,,,2024-12-04T18:58,2024-12-04T18:27,Boeing 737-900ER,,,,,,,,5d9e299a-3e74-4ac2-bc18-cf03bbb5c9b6,b57b4c86-4724-48f1-80be-d7de4036004a,a5eff314-18e7-4c87-bd38-0131882f1b8d,a2f06eec-440b-48dd-9096-f9051e8a07ef,,24012541-435d-4a27-af8a-4791336f1965
2024-12-05,SWA,3533,PHX,ABQ,4,C13,Main,A6,false,,2024-12-05T19:55,2024-12-05T19:53,,,,,2024-12-05T21:05,2024-12-05T20:58,Boeing 737 MAX 8,,4MTLJR,10D,AISLE,ECONOMY,,,b9caff15-ae70-4065-ad5b-9f1b2fd4ab95,be4c4286-2c02-4dca-86d4-56e19aa348f7,a2f06eec-440b-48dd-9096-f9051e8a07ef,7b925806-8601-400f-bd02-c38802c531b8,,5ee1c1db-bf8c-475a-99b0-262bbc7a50b2
2025-02-28,SWA,3438,ABQ,PHX,Main,A8,4,C19,false,,2025-02-28T19:55,2025-02-28T19:54,,,,,2025-02-28T21:20,2025-02-28T21:07,Boeing 737-700,,42AP9D,,,,,,9d3fe477-2674-4eef-8304-e244af9a9cb6,be4c4286-2c02-4dca-86d4-56e19aa348f7,7b925806-8601-400f-bd02-c38802c531b8,a2f06eec-440b-48dd-9096-f9051e8a07ef,,886c3a0c-c7a3-4205-982f-35cddc765ae1
2025-03-01,SWA,4524,PHX,LAX,4,C19,1,17B,false,,2025-03-01T18:00,2025-03-01T18:01,,,,,2025-03-01T18:30,2025-03-01T18:22,Boeing 737-800,,42AL6J,,,,,,f11e8d0f-9fc2-42fa-8df1-0caf7461761f,be4c4286-2c02-4dca-86d4-56e19aa348f7,a2f06eec-440b-48dd-9096-f9051e8a07ef,25b8d712-9888-423f-868d-b25f1d184aaf,,8ad8530e-acd0-42bf-abc5-1e70c4a076bf
2025-03-02,TZP,23,LAX,NRT,B,,1,16,false,,2025-03-02T09:35,2025-03-02T09:47,,,,,2025-03-03T14:25,,Boeing 787-8,,,57C,AISLE,ECONOMY,LEISURE,,66bc8bd7-7925-48cb-bac1-5664ababa5d3,697cf8ae-3de2-4af8-b68c-aaf79bb73202,25b8d712-9888-423f-868d-b25f1d184aaf,42cbe764-fc30-49b0-9e72-eca5f6c21767,,4f948d40-962a-4fdf-b1d9-424282d24f76
2025-03-14,JJP,526,FUK,NRT,D,4,3,,false,,2025-03-14T09:15,2025-03-14T09:14,,,,,2025-03-14T10:55,2025-03-14T10:55,Airbus A320,,,,,,,,41b05e5a-6b6f-448b-8f67-16176ab52856,4e7ef0ad-8f9e-4e77-bc0b-50ac7a83b112,5520f4e4-bd55-48ca-9bc3-9e97990329ca,42cbe764-fc30-49b0-9e72-eca5f6c21767,,dd390a1f-e92a-4411-ab72-04db16d42030
2025-03-14,TZP,24,NRT,LAX,1,21,B,,false,,2025-03-14T14:45,2025-03-14T14:47,,,,,2025-03-14T08:35,,Boeing 787-8,,,,,,,,03864dd0-aaef-49a7-bcff-c38e8f8276e1,697cf8ae-3de2-4af8-b68c-aaf79bb73202,42cbe764-fc30-49b0-9e72-eca5f6c21767,25b8d712-9888-423f-868d-b25f1d184aaf,,4f948d40-962a-4fdf-b1d9-424282d24f76
2025-03-14,SWA,2764,LAX,ABQ,1,12B,Main,A10,false,,2025-03-14T11:50,2025-03-14T11:56,,,,,2025-03-14T14:45,2025-03-14T14:40,Boeing 737-800,,,,,,,,c6dc2d60-c261-4bb3-bc52-7f3740000c85,be4c4286-2c02-4dca-86d4-56e19aa348f7,25b8d712-9888-423f-868d-b25f1d184aaf,7b925806-8601-400f-bd02-c38802c531b8,,8ad8530e-acd0-42bf-abc5-1e70c4a076bf
2025-03-17,SWA,1206,ABQ,LAS,Main,A8,1,C16,false,,2025-03-17T10:00,2025-03-17T10:02,,,,,2025-03-17T10:40,2025-03-17T10:35,Boeing 737-800,,4Q8CMK,,,,,,e8658fea-c855-4e2a-88b7-7fec419bb2c2,be4c4286-2c02-4dca-86d4-56e19aa348f7,7b925806-8601-400f-bd02-c38802c531b8,13ec7b81-ab66-4c6c-b632-92f18740c05b,,8ad8530e-acd0-42bf-abc5-1e70c4a076bf
2025-03-17,SWA,3198,LAS,DTW,1,C22,,D21,false,,2025-03-17T13:50,2025-03-17T14:46,,,,,2025-03-17T20:45,2025-03-17T21:29,Boeing 737 MAX 8,,4Q8CMK,,,,,,2aea36df-31fb-4b90-897e-7dcef8820b85,be4c4286-2c02-4dca-86d4-56e19aa348f7,13ec7b81-ab66-4c6c-b632-92f18740c05b,8eee2bc8-dcbf-4b7b-a221-e38cce7c823a,,5ee1c1db-bf8c-475a-99b0-262bbc7a50b2
2025-03-21,SWA,2939,DTW,MDW,N,D20,Main,B17,false,,2025-03-21T06:45,2025-03-21T06:46,,,,,2025-03-21T07:00,2025-03-21T06:46,Boeing 737-800,,4Q8CMK,,,,,,95f4a52b-038d-4e24-9250-07fc2f1ac858,be4c4286-2c02-4dca-86d4-56e19aa348f7,8eee2bc8-dcbf-4b7b-a221-e38cce7c823a,b1bccd34-3f11-416a-998f-65cc527ca2a0,,8ad8530e-acd0-42bf-abc5-1e70c4a076bf
2025-03-21,SWA,1717,MDW,ABQ,Main,B5,Main,A11,false,,2025-03-21T09:15,2025-03-21T09:13,,,,,2025-03-21T11:25,2025-03-21T11:15,Boeing 737-700,,4Q8CMK,,,,,,c7d6f84c-ce3c-4e3c-b244-db531dc32701,be4c4286-2c02-4dca-86d4-56e19aa348f7,b1bccd34-3f11-416a-998f-65cc527ca2a0,7b925806-8601-400f-bd02-c38802c531b8,,886c3a0c-c7a3-4205-982f-35cddc765ae1
2025-05-10,AAL,4977,ABQ,PHX,Main,B4,4,B5,false,,2025-05-10T12:15,2025-05-10T12:01,,,,,2025-05-10T12:41,2025-05-10T12:21,Embraer 175,,DWMINB,17D,,,,,34b57b2f-b917-4128-afa6-1c77ed5455b4,ae1fc6a5-c42d-4e70-ba63-d641d248d270,7b925806-8601-400f-bd02-c38802c531b8,a2f06eec-440b-48dd-9096-f9051e8a07ef,,36728d5b-40cd-46ec-93ba-8822376b565d
2025-05-15,AAL,6441,PHX,SAF,4,B10,,2,false,,2025-05-15T12:19,2025-05-15T12:13,,,,,2025-05-15T14:48,2025-05-15T14:28,Embraer 175,,,,,,,,d0e02506-bfb2-4d23-ad3c-0ca450796383,ae1fc6a5-c42d-4e70-ba63-d641d248d270,a2f06eec-440b-48dd-9096-f9051e8a07ef,b7903add-3b14-4231-8ac5-820198b890d4,,36728d5b-40cd-46ec-93ba-8822376b565d
2025-07-07,SWA,2588,ABQ,DEN,Main,A12,Main,C66,false,,2025-07-07T07:45,2025-07-07T07:54,,,,,2025-07-07T09:10,2025-07-07T09:11,Boeing 737-800,,CPE9IC,,,,,,03375c5b-1153-4bbb-8ddd-81d445de65af,be4c4286-2c02-4dca-86d4-56e19aa348f7,7b925806-8601-400f-bd02-c38802c531b8,d00b5728-0678-4689-b660-fe9e583203dc,,8ad8530e-acd0-42bf-abc5-1e70c4a076bf
2025-07-07,SWA,2145,DEN,DTW,Main,C42,N,D21,false,,2025-07-07T12:45,2025-07-07T12:44,,,,,2025-07-07T17:30,2025-07-07T17:16,Boeing 737-800,,CPE9IC,,,,,,ef1545aa-d1a3-4fdb-9213-f9f2946d1c64,be4c4286-2c02-4dca-86d4-56e19aa348f7,d00b5728-0678-4689-b660-fe9e583203dc,8eee2bc8-dcbf-4b7b-a221-e38cce7c823a,,8ad8530e-acd0-42bf-abc5-1e70c4a076bf
2025-07-11,DAL,3229,DTW,SLC,M,A68,,A31,false,,2025-07-11T07:00,2025-07-11T06:59,,,,,2025-07-11T08:55,2025-07-11T08:51,Airbus A321,,F6V2XI,27F,,,,,77311448-c6fd-4c62-9dae-a1a4a1a58c87,a8765091-d043-44b1-936c-d217bb519e56,8eee2bc8-dcbf-4b7b-a221-e38cce7c823a,a9fd3eb2-255a-4372-9c86-ff4f7ee1d2c1,,5904cdc2-eccf-41fe-8345-e82a51d3269c
2025-07-11,DAL,4084,SLC,ABQ,,A42,Main,B8,false,,2025-07-11T09:25,2025-07-11T09:18,,,,,2025-07-11T11:06,2025-07-11T10:48,Embraer 175,,F6V2XI,10C,AISLE,ECONOMY,BUSINESS,,8f028a71-29eb-4567-ad2f-14771daaefb3,a8765091-d043-44b1-936c-d217bb519e56,a9fd3eb2-255a-4372-9c86-ff4f7ee1d2c1,7b925806-8601-400f-bd02-c38802c531b8,,36728d5b-40cd-46ec-93ba-8822376b565d
2025-07-26,AAL,6444,ABQ,LAX,Main,B3,5,52C,false,,2025-07-26T07:00,2025-07-26T07:01,,,,,2025-07-26T08:03,2025-07-26T08:01,Bombardier CRJ700,,SIUYXY,15C DC,AISLE,ECONOMY,LEISURE,,8282613d-f78c-4c6a-a9a7-62f6b30aecbb,ae1fc6a5-c42d-4e70-ba63-d641d248d270,7b925806-8601-400f-bd02-c38802c531b8,25b8d712-9888-423f-868d-b25f1d184aaf,,1404a49a-a829-47ff-b37b-6c9273f21c77
2025-07-28,AAL,6515,LAX,ABQ,5,52G,Main,B4,false,,2025-07-28T18:50,2025-07-28T18:40,,,,,2025-07-28T21:50,2025-07-28T21:29,Bombardier CRJ700,,SIUYXY,14C,AISLE,ECONOMY,LEISURE,,7e7f1827-c5cc-43e4-b977-7e838be76055,ae1fc6a5-c42d-4e70-ba63-d641d248d270,25b8d712-9888-423f-868d-b25f1d184aaf,7b925806-8601-400f-bd02-c38802c531b8,,1404a49a-a829-47ff-b37b-6c9273f21c77
2025-08-27,SWA,3270,ABQ,PHX,Main,A11,4,D13,false,,2025-08-27T18:40,2025-08-27T18:38,,,,,2025-08-27T19:00,2025-08-27T18:51,Boeing 737-700,,,,,,,,42ed48ab-9ebf-4b84-8ec7-31ffc764e94f,be4c4286-2c02-4dca-86d4-56e19aa348f7,7b925806-8601-400f-bd02-c38802c531b8,a2f06eec-440b-48dd-9096-f9051e8a07ef,,886c3a0c-c7a3-4205-982f-35cddc765ae1
2025-09-02,SWA,4010,PHX,ABQ,4,D13,Main,A10,false,,2025-09-02T19:50,2025-09-02T19:58,,,,,2025-09-02T22:00,2025-09-02T22:06,Boeing 737-800,,,,,,,,44ec082f-1b29-4122-a639-d80c01848a11,be4c4286-2c02-4dca-86d4-56e19aa348f7,a2f06eec-440b-48dd-9096-f9051e8a07ef,7b925806-8601-400f-bd02-c38802c531b8,,8ad8530e-acd0-42bf-abc5-1e70c4a076bf
2025-10-23,AAL,1838,ABQ,PHX,Main,B1,4,B7,false,,2025-10-23T19:21,2025-10-23T19:16,,,,,2025-10-23T19:41,2025-10-23T19:43,Airbus A320,,,,,,,,ac90174c-4a77-469c-bcfa-eb0ac1bd9f87,ae1fc6a5-c42d-4e70-ba63-d641d248d270,7b925806-8601-400f-bd02-c38802c531b8,a2f06eec-440b-48dd-9096-f9051e8a07ef,,dd390a1f-e92a-4411-ab72-04db16d42030
2025-10-24,AAL,1799,PHX,SMF,4,A12,A,4,false,,2025-10-24T16:36,2025-10-24T16:35,,,,,2025-10-24T18:38,2025-10-24T18:21,Boeing 737-800,,,,,,,,44fd038c-77e3-4248-9597-9b589eb65c44,ae1fc6a5-c42d-4e70-ba63-d641d248d270,a2f06eec-440b-48dd-9096-f9051e8a07ef,8d225b5f-dd0b-4d8f-ab0a-8aff0c6a0eaf,,8ad8530e-acd0-42bf-abc5-1e70c4a076bf
2025-10-26,AAL,1620,SMF,PHX,A,2,4,A5,false,,2025-10-26T16:33,2025-10-26T16:48,,,,,2025-10-26T18:24,2025-10-26T18:23,Airbus A319,,,,,,,,0e48a1c0-e5d8-4a92-b7f2-951fe9a93e8f,ae1fc6a5-c42d-4e70-ba63-d641d248d270,8d225b5f-dd0b-4d8f-ab0a-8aff0c6a0eaf,a2f06eec-440b-48dd-9096-f9051e8a07ef,,fb8254ff-1d83-4fe1-a147-882c217dfcbe
2025-10-26,AAL,2132,PHX,ABQ,4,A6,Main,B1,false,,2025-10-26T19:22,2025-10-26T19:15,,,,,2025-10-26T21:35,2025-10-26T21:15,Airbus A319,,,,,,,,9fd64c9b-0191-40f0-9536-c262ee5cfc02,ae1fc6a5-c42d-4e70-ba63-d641d248d270,a2f06eec-440b-48dd-9096-f9051e8a07ef,7b925806-8601-400f-bd02-c38802c531b8,,fb8254ff-1d83-4fe1-a147-882c217dfcbe
2025-11-07,SWA,100,ABQ,AUS,Main,A6,Main,19,false,,2025-11-07T07:00,2025-11-07T06:59,,,,,2025-11-07T09:50,2025-11-07T09:39,Boeing 737-700,,,,,,,,54e29a8c-3c74-47c0-80bd-ed6c9a663cc2,be4c4286-2c02-4dca-86d4-56e19aa348f7,7b925806-8601-400f-bd02-c38802c531b8,d63b6bd2-9ed4-447e-914f-ca4d96f28653,,886c3a0c-c7a3-4205-982f-35cddc765ae1
2025-11-09,SWA,3419,AUS,PHX,Main,16,4,D3,false,,2025-11-09T16:10,2025-11-09T17:38,,,,,2025-11-09T17:50,2025-11-09T19:13,Boeing 737 MAX 8,,,,,,,,4b12250f-c526-4a75-948b-71a34920fa0f,be4c4286-2c02-4dca-86d4-56e19aa348f7,d63b6bd2-9ed4-447e-914f-ca4d96f28653,a2f06eec-440b-48dd-9096-f9051e8a07ef,,5ee1c1db-bf8c-475a-99b0-262bbc7a50b2
2025-11-11,SWA,1854,PHX,ABQ,4,D11,Main,A9,false,,2025-11-11T18:55,2025-11-11T18:57,,,,,2025-11-11T20:05,2025-11-11T19:58,Boeing 737-700,,,,,,,,ed4d6bbf-872c-4af5-adfa-1f8430925f88,be4c4286-2c02-4dca-86d4-56e19aa348f7,a2f06eec-440b-48dd-9096-f9051e8a07ef,7b925806-8601-400f-bd02-c38802c531b8,,886c3a0c-c7a3-4205-982f-35cddc765ae1
2025-11-25,DAL,1688,ABQ,ATL,Main,B10,S,T6,false,,2025-11-25T07:00,2025-11-25T06:56,,,,,2025-11-25T12:01,2025-11-25T12:15,Boeing 737-900ER,,F6VRL8,,,,CREW,,310ce349-aa9d-42e1-aff8-3d3a2ee7ca21,a8765091-d043-44b1-936c-d217bb519e56,7b925806-8601-400f-bd02-c38802c531b8,6f0c1d11-cfef-4b33-b462-90379270f593,,24012541-435d-4a27-af8a-4791336f1965
2025-11-25,DAL,186,ATL,RAK,I,E9,,A02,false,,2025-11-25T16:50,2025-11-25T16:59,,,,,2025-11-26T06:55,2025-11-26T07:06,Boeing 767-400,,F6VRL8,43F,AISLE,ECONOMY,,,72e12dab-3293-4af2-97ec-7120ce3c3831,a8765091-d043-44b1-936c-d217bb519e56,6f0c1d11-cfef-4b33-b462-90379270f593,afd2bec1-df2f-4126-95b8-fa33971a2afe,,dae07e29-15b1-4f35-9552-d70888135843
2025-12-01,RYR,6763,TNG,RAK,MAIN,D1,T3,,false,,2025-12-01T22:40,2025-12-01T23:20,,,,,2025-12-01T23:55,2025-12-02T00:25,Boeing 737-800,,,,,,,,eebadeb5-f9cf-4b5c-a6fc-ccfe3e1f65c5,89ad0292-b411-46f2-a3ad-27896d1be60b,c262a63c-6bf1-4936-b53e-c4539c80358f,afd2bec1-df2f-4126-95b8-fa33971a2afe,,8ad8530e-acd0-42bf-abc5-1e70c4a076bf
2025-12-05,DAL,187,RAK,ATL,1,A02,I,F1,false,,2025-12-05T08:55,2025-12-05T08:39,,,,,2025-12-05T13:00,2025-12-05T12:40,Boeing 767-400,,F6VRL8,43F,AISLE,ECONOMY,,,8d2c6405-5245-42b6-90bc-3b1cac7bd5bc,a8765091-d043-44b1-936c-d217bb519e56,afd2bec1-df2f-4126-95b8-fa33971a2afe,6f0c1d11-cfef-4b33-b462-90379270f593,,dae07e29-15b1-4f35-9552-d70888135843
2025-12-05,DAL,1109,ATL,ABQ,S,B17,Main,B10,false,,2025-12-05T14:09,2025-12-05T14:12,,,,,2025-12-05T15:32,2025-12-05T15:36,Boeing 737-900ER,,,16B,MIDDLE,,,,415c7065-b941-45a9-8d1b-dafd41b71efc,a8765091-d043-44b1-936c-d217bb519e56,6f0c1d11-cfef-4b33-b462-90379270f593,7b925806-8601-400f-bd02-c38802c531b8,,24012541-435d-4a27-af8a-4791336f1965
2013-11-08,SWA,453,ONT,DEN,,,,,false,,2013-11-08T15:10,,,,,,2013-11-08T18:20,,,,,,,,,,,be4c4286-2c02-4dca-86d4-56e19aa348f7,1b5d7c9a-77af-4260-a35d-4fcbd852266e,d00b5728-0678-4689-b660-fe9e583203dc,,
2010-06-29,SWA,245,TPA,HOU,,,,,false,,2010-06-29T12:35,,,,,,2010-06-29T13:55,,,,,,,,,,,be4c4286-2c02-4dca-86d4-56e19aa348f7,af50854a-e728-4e40-885b-d8b73b69f6e8,44f745ca-154b-4d48-ba97-c5d9ad5d3ff7,,
2008-06-18,SWA,2172,IND,MCI,,,,,false,,2008-06-18T17:10,,,,,,2008-06-18T17:40,,,,,,,,,,,be4c4286-2c02-4dca-86d4-56e19aa348f7,8259a771-7653-4c8a-8572-55f962097695,bd6062aa-a329-43e4-b684-82b0e7579c91,,
